{"options":{},"indexes":[{"v":2,"key":{"_id":1},"name":"_id_","ns":"teldb.Assets"},{"v":2,"key":{"balance":1},"name":"balance_1","background":true,"ns":"teldb.Assets"},{"v":2,"key":{"userId":1},"name":"userId_1","background":true,"ns":"teldb.Assets"},{"v":2,"key":{"currency":1},"name":"currency_1","background":true,"ns":"teldb.Assets"},{"v":2,"key":{"currencySymbol":1},"name":"currencySymbol_1","background":true,"ns":"teldb.Assets"},{"v":2,"key":{"currencyAddress":1},"name":"currencyAddress_1","background":true,"ns":"teldb.Assets"},{"v":2,"key":{"privateKey":1},"name":"privateKey_1","background":true,"ns":"teldb.Assets"}],"uuid":"18d3c046d9f945bfa1ed54b387d27d60"}