{"options":{},"indexes":[{"v":2,"key":{"_id":1},"name":"_id_","ns":"teldb.exchangePrices"},{"v":2,"key":{"pairname":1},"name":"pairname_1","ns":"teldb.exchangePrices","background":true},{"v":2,"key":{"exchangename":1},"name":"exchangename_1","ns":"teldb.exchangePrices","background":true},{"v":2,"key":{"pair":1},"name":"pair_1","ns":"teldb.exchangePrices","background":true},{"v":2,"key":{"volume":1},"name":"volume_1","ns":"teldb.exchangePrices","background":true},{"v":2,"key":{"createdAt":1},"name":"createdAt_1","ns":"teldb.exchangePrices","background":true}],"uuid":"de01d1ee7ff243009c9fafc5b261d829"}