{"options":{},"indexes":[{"v":2,"key":{"_id":1},"name":"_id_","ns":"teldb.InterestHistory"},{"v":2,"key":{"pair":1},"name":"pair_1","ns":"teldb.InterestHistory","background":true},{"v":2,"key":{"userId":1},"name":"userId_1","ns":"teldb.InterestHistory","background":true},{"v":2,"key":{"pairname":1},"name":"pairname_1","ns":"teldb.InterestHistory","background":true},{"v":2,"key":{"quantity":1},"name":"quantity_1","ns":"teldb.InterestHistory","background":true},{"v":2,"key":{"price":1},"name":"price_1","ns":"teldb.InterestHistory","background":true},{"v":2,"key":{"order_value":1},"name":"order_value_1","ns":"teldb.InterestHistory","background":true},{"v":2,"key":{"feerate":1},"name":"feerate_1","ns":"teldb.InterestHistory","background":true},{"v":2,"key":{"feepaid":1},"name":"feepaid_1","ns":"teldb.InterestHistory","background":true},{"v":2,"key":{"type":1},"name":"type_1","ns":"teldb.InterestHistory","background":true},{"v":2,"key":{"createdDate":1},"name":"createdDate_1","ns":"teldb.InterestHistory","background":true}],"uuid":"40d906869afc4b88bba605a84d6ce93e"}