{"options":{},"indexes":[{"v":2,"key":{"_id":1},"name":"_id_","ns":"teldb.perpetual"},{"v":2,"key":{"initial_margin":1},"name":"initial_margin_1","ns":"teldb.perpetual","background":true},{"v":2,"key":{"maint_margin":1},"name":"maint_margin_1","ns":"teldb.perpetual","background":true},{"v":2,"key":{"first_currency":1},"name":"first_currency_1","ns":"teldb.perpetual","background":true},{"v":2,"key":{"second_currency":1},"name":"second_currency_1","ns":"teldb.perpetual","background":true},{"v":2,"key":{"liq_users":1},"name":"liq_users_1","ns":"teldb.perpetual","background":true}],"uuid":"0444e313cf1e4a6886852ef4ab8a93c4"}