{"options":{},"indexes":[{"v":2,"key":{"_id":1},"name":"_id_","ns":"teldb.perpetualorder"},{"v":2,"key":{"filled.firstCurrency":1},"name":"filled.firstCurrency_1","ns":"teldb.perpetualorder","background":true},{"v":2,"key":{"filled.secondCurrency":1},"name":"filled.secondCurrency_1","ns":"teldb.perpetualorder","background":true},{"v":2,"key":{"filled.pairname":1},"name":"filled.pairname_1","ns":"teldb.perpetualorder","background":true},{"v":2,"key":{"filled.status":1},"name":"filled.status_1","ns":"teldb.perpetualorder","background":true},{"v":2,"key":{"trigger_type":1},"name":"trigger_type_1","ns":"teldb.perpetualorder","background":true},{"v":2,"key":{"stopstatus":1},"name":"stopstatus_1","ns":"teldb.perpetualorder","background":true},{"v":2,"key":{"trigger_ordertype":1},"name":"trigger_ordertype_1","ns":"teldb.perpetualorder","background":true},{"v":2,"key":{"trailstop":1},"name":"trailstop_1","ns":"teldb.perpetualorder","background":true}],"uuid":"f1356e84a4c840079a10e2aab7d6cf4c"}