{"options":{},"indexes":[{"v":2,"key":{"_id":1},"name":"_id_","ns":"teldb.tradeTable"},{"v":2,"key":{"quantity":1},"name":"quantity_1","ns":"teldb.tradeTable","background":true},{"v":2,"key":{"price":1},"name":"price_1","ns":"teldb.tradeTable","background":true},{"v":2,"key":{"trigger_price":1},"name":"trigger_price_1","ns":"teldb.tradeTable","background":true},{"v":2,"key":{"orderCost":1},"name":"orderCost_1","ns":"teldb.tradeTable","background":true},{"v":2,"key":{"firstCurrency":1},"name":"firstCurrency_1","ns":"teldb.tradeTable","background":true},{"v":2,"key":{"secondCurrency":1},"name":"secondCurrency_1","ns":"teldb.tradeTable","background":true},{"v":2,"key":{"trigger_type":1},"name":"trigger_type_1","ns":"teldb.tradeTable","background":true},{"v":2,"key":{"stopstatus":1},"name":"stopstatus_1","ns":"teldb.tradeTable","background":true},{"v":2,"key":{"trigger_ordertype":1},"name":"trigger_ordertype_1","ns":"teldb.tradeTable","background":true},{"v":2,"key":{"status":1},"name":"status_1","ns":"teldb.tradeTable","background":true},{"v":2,"key":{"position_status":1},"name":"position_status_1","ns":"teldb.tradeTable","background":true},{"v":2,"key":{"trailstop":1},"name":"trailstop_1","ns":"teldb.tradeTable","background":true},{"v":2,"key":{"filled.pair":1},"name":"filled.pair_1","ns":"teldb.tradeTable","background":true},{"v":2,"key":{"filled.firstCurrency":1},"name":"filled.firstCurrency_1","ns":"teldb.tradeTable","background":true},{"v":2,"key":{"filled.secondCurrency":1},"name":"filled.secondCurrency_1","ns":"teldb.tradeTable","background":true},{"v":2,"key":{"filled.pairname":1},"name":"filled.pairname_1","ns":"teldb.tradeTable","background":true},{"v":2,"key":{"filled.Type":1},"name":"filled.Type_1","ns":"teldb.tradeTable","background":true},{"v":2,"key":{"filled.status":1},"name":"filled.status_1","ns":"teldb.tradeTable","background":true}],"uuid":"41d80893a89449d6ad7ac0df106f9fc2"}